[
  {
    "id": 1,
    "title": "Tech Innovation in 2025",
    "category": "technology",
    "excerpt": "The future of AI and automation in 2025...",
    "content": "Full content for the Tech article."
  },
  {
    "id": 2,
    "title": "Sports Roundup",
    "category": "sports",
    "excerpt": "Highlights from the world of sports...",
    "content": "Detailed sports content."
  },
  {
    "id": 3,
    "title": "Political Update",
    "category": "politics",
    "excerpt": "Latest political developments...",
    "content": "Political full content."
  },
  {
    "id": 4,
    "title": "New Gadgets",
    "category": "technology",
    "excerpt": "Gadgets released this month...",
    "content": "Gadgets full content."
  }
]